{
  "todos": {
      "stat": 200,
      "code": 10,
      "message": "message",
      "response": [
      {
        "id": 0,
        "title": "Ut ut aperiam magnam.",
        "order": 0,
        "completed": false,
        "createdAt": "2018-03-25T00:47:41.907Z"
      },
      {
        "id": 1,
        "title": "Nemo temporibus eos aperiam.",
        "order": 1,
        "completed": true,
        "createdAt": "2018-12-24T00:52:59.929Z"
      },
      {
        "id": 2,
        "title": "Aliquam molestiae dolore.",
        "order": 2,
        "completed": true,
        "createdAt": "2018-08-22T09:10:30.337Z"
      },
      {
        "id": 3,
        "title": "Quaerat quos incidunt quam minus minima est facere.",
        "order": 3,
        "completed": true,
        "createdAt": "2019-11-02T12:07:49.477Z"
      },
      {
        "id": 4,
        "title": "A sint quo eos nobis excepturi officiis.",
        "order": 4,
        "completed": false,
        "createdAt": "2019-03-07T14:16:16.447Z"
      }
    ]
  }
}